{
    "meta": {        
        "label": "NVIDIA Qualification Tool (RAPIDS SPARK)",        
        "description": "The Qualification tool analyzes Spark events generated from CPU based Spark applications to help quantify the expected acceleration of migrating a Spark application or query to GPU.",
        "icon": "icon-bullseye"
    },

    "kind": "PYTHON",
    "inputRoles": [
    ],

    "outputRoles": [
        {
            "name": "output_dataset",
            "label": "Output Dataset",
            "description": "Summary of the report generated by NVIDIA Qual Tool",
            "arity": "UNARY",
            "required": true,
            "acceptsDataset": true,
            "acceptsManagedFolder": false
        },
        {
            "name": "output_folder",
            "label": "Output Folder (Optional)",
            "description": "To Dump of all the files generated by the qualification tool. Only local filesystem folder is supported",
            "arity": "UNARY",
            "required": false,
            "acceptsManagedFolder": true,
            "acceptsDataset": false
        }
    ],
    "params": [
        {
            "name": "spark_event_log_dir",
            "label": "Spark Event Log Path",
            "description": "Change the default value only if you are logging spark event log at a differnet location. Please make sure this folder as write access to all users",
            "type": "STRING",
            "mandatory": true,
            "defaultValue": "/tmp/rapids-qual-tool"
        }
    ],
    "resourceKeys": []

}
